{"cameraMode":{"drawMode":0,"name":"Shaded","section":"Shading Mode"},"sceneLighting":false,"audioPlay":false,"sceneViewState":{"m_AlwaysRefresh":false,"showFog":true,"showSkybox":false,"showFlares":true,"showImageEffects":true,"showParticleSystems":true,"showVisualEffectGraphs":true,"m_FxEnabled":false},"in2DMode":false,"pivot":{"x":0.061674416065216067,"y":3.4851622581481935,"z":0.03183484077453613},"rotation":{"x":-0.029633132740855218,"y":-0.6022776961326599,"z":0.02215331606566906,"w":-0.7976765036582947},"size":3.738206624984741,"orthographic":false}