{"cameraMode":{"drawMode":0,"name":"Shaded","section":"Shading Mode"},"sceneLighting":false,"audioPlay":false,"sceneViewState":{"m_AlwaysRefresh":false,"showFog":true,"showSkybox":false,"showFlares":true,"showImageEffects":true,"showParticleSystems":true,"showVisualEffectGraphs":true,"m_FxEnabled":false},"in2DMode":false,"pivot":{"x":-6.264030456542969,"y":3.6734094619750978,"z":1.1501513719558716},"rotation":{"x":0.017814870923757554,"y":0.6580539345741272,"z":0.01533239521086216,"w":-0.7528777122497559},"size":5.227534770965576,"orthographic":false}