{"cameraMode":{"drawMode":0,"name":"Shaded","section":"Shading Mode"},"sceneLighting":false,"audioPlay":false,"sceneViewState":{"m_AlwaysRefresh":false,"showFog":true,"showSkybox":false,"showFlares":true,"showImageEffects":true,"showParticleSystems":true,"showVisualEffectGraphs":true,"m_FxEnabled":false},"in2DMode":false,"pivot":{"x":-0.03092210367321968,"y":2.1371617317199709,"z":-0.05458635091781616},"rotation":{"x":-0.16722579300403596,"y":0.661498486995697,"z":-0.1550142765045166,"w":-0.7147164940834045},"size":2.9214468002319338,"orthographic":false}