{"cameraMode":{"drawMode":0,"name":"Shaded","section":"Shading Mode"},"sceneLighting":false,"audioPlay":false,"sceneViewState":{"m_AlwaysRefresh":false,"showFog":true,"showSkybox":false,"showFlares":true,"showImageEffects":true,"showParticleSystems":true,"showVisualEffectGraphs":true,"m_FxEnabled":false},"in2DMode":false,"pivot":{"x":-0.028821080923080446,"y":5.587935447692871e-9,"z":0.21132683753967286},"rotation":{"x":0.22481350600719453,"y":-0.25271156430244448,"z":0.060800615698099139,"w":0.9393162727355957},"size":0.4681377410888672,"orthographic":false}