{"cameraMode":{"drawMode":0,"name":"Shaded","section":"Shading Mode"},"sceneLighting":false,"audioPlay":false,"sceneViewState":{"m_AlwaysRefresh":false,"showFog":true,"showSkybox":false,"showFlares":true,"showImageEffects":true,"showParticleSystems":true,"showVisualEffectGraphs":true,"m_FxEnabled":false},"in2DMode":false,"pivot":{"x":-0.005980044603347778,"y":0.20424653589725495,"z":-0.07894615828990936},"rotation":{"x":0.015562173910439015,"y":-0.933007001876831,"z":-0.04115121066570282,"w":-0.35769230127334597},"size":0.27934831380844118,"orthographic":false}