{"cameraMode":{"drawMode":0,"name":"Shaded","section":"Shading Mode"},"sceneLighting":false,"audioPlay":false,"sceneViewState":{"m_AlwaysRefresh":false,"showFog":true,"showSkybox":false,"showFlares":true,"showImageEffects":true,"showParticleSystems":true,"showVisualEffectGraphs":true,"m_FxEnabled":true},"in2DMode":false,"pivot":{"x":-0.29882025718688967,"y":0.7914481163024902,"z":-0.2485063076019287},"rotation":{"x":0.047762297093868259,"y":0.9262699484825134,"z":-0.12617337703704835,"w":0.3521784842014313},"size":1.5399692058563233,"orthographic":false}