{"cameraMode":{"drawMode":0,"name":"Shaded","section":"Shading Mode"},"sceneLighting":false,"audioPlay":false,"sceneViewState":{"m_AlwaysRefresh":false,"showFog":false,"showSkybox":false,"showFlares":false,"showImageEffects":false,"showParticleSystems":false,"showVisualEffectGraphs":true,"m_FxEnabled":false},"in2DMode":false,"pivot":{"x":0.9608561396598816,"y":1.2147351503372193,"z":0.12339897453784943},"rotation":{"x":0.030219759792089464,"y":-0.901056706905365,"z":0.06363023072481156,"w":0.42794686555862429},"size":0.09942417591810227,"orthographic":true}