{"cameraMode":{"drawMode":0,"name":"Shaded","section":"Shading Mode"},"sceneLighting":false,"audioPlay":false,"sceneViewState":{"m_AlwaysRefresh":false,"showFog":true,"showSkybox":false,"showFlares":true,"showImageEffects":true,"showParticleSystems":true,"showVisualEffectGraphs":true,"m_FxEnabled":false},"in2DMode":false,"pivot":{"x":0.04828435182571411,"y":0.15387660264968873,"z":0.49065011739730837},"rotation":{"x":0.0998326987028122,"y":0.739158034324646,"z":-0.11239207535982132,"w":0.6565718650817871},"size":0.62905353307724,"orthographic":false}