{"cameraMode":{"drawMode":0,"name":"Shaded","section":"Shading Mode"},"sceneLighting":false,"audioPlay":false,"sceneViewState":{"m_AlwaysRefresh":false,"showFog":true,"showSkybox":false,"showFlares":true,"showImageEffects":true,"showParticleSystems":true,"showVisualEffectGraphs":true,"m_FxEnabled":false},"in2DMode":false,"pivot":{"x":-0.611146867275238,"y":2.823228120803833,"z":1.9044866561889649},"rotation":{"x":0.04697159305214882,"y":0.034257881343364719,"z":0.0014244283083826304,"w":-0.9985068440437317},"size":2.3890111446380617,"orthographic":false}