{"cameraMode":{"drawMode":0,"name":"Shaded","section":"Shading Mode"},"sceneLighting":true,"audioPlay":false,"sceneViewState":{"m_AlwaysRefresh":false,"showFog":true,"showSkybox":true,"showFlares":true,"showImageEffects":true,"showParticleSystems":true,"showVisualEffectGraphs":true,"m_FxEnabled":false},"in2DMode":false,"pivot":{"x":0.04536276310682297,"y":0.44866234064102175,"z":0.01804365962743759},"rotation":{"x":-0.3899305462837219,"y":0.43435823917388918,"z":-0.21463686227798463,"w":-0.7838152647018433},"size":4.650511741638184,"orthographic":false}