{"cameraMode":{"drawMode":0,"name":"Shaded","section":"Shading Mode"},"sceneLighting":true,"audioPlay":false,"sceneViewState":{"m_AlwaysRefresh":false,"showFog":true,"showSkybox":true,"showFlares":true,"showImageEffects":true,"showParticleSystems":true,"showVisualEffectGraphs":true,"m_FxEnabled":false},"in2DMode":false,"pivot":{"x":733.870849609375,"y":561.9312133789063,"z":-21.100011825561525},"rotation":{"x":0.00836669746786356,"y":-0.08539866656064987,"z":0.0007289909990504384,"w":0.9963454604148865},"size":916.1776733398438,"orthographic":false}