{"cameraMode":{"drawMode":0,"name":"Shaded","section":"Shading Mode"},"sceneLighting":false,"audioPlay":false,"sceneViewState":{"m_AlwaysRefresh":false,"showFog":true,"showSkybox":false,"showFlares":true,"showImageEffects":true,"showParticleSystems":true,"showVisualEffectGraphs":true,"m_FxEnabled":false},"in2DMode":false,"pivot":{"x":1.1920928955078126e-7,"y":1.1159336566925049,"z":0.401876837015152},"rotation":{"x":0.01914573460817337,"y":0.9701882600784302,"z":-0.07812947779893875,"w":0.2300318330526352},"size":2.1782302856445314,"orthographic":false}