{"cameraMode":{"drawMode":0,"name":"Shaded","section":"Shading Mode"},"sceneLighting":false,"audioPlay":false,"sceneViewState":{"m_AlwaysRefresh":false,"showFog":false,"showSkybox":false,"showFlares":false,"showImageEffects":false,"showParticleSystems":false,"showVisualEffectGraphs":true,"m_FxEnabled":false},"in2DMode":false,"pivot":{"x":0.9244343042373657,"y":1.249328374862671,"z":0.0009713321924209595},"rotation":{"x":0.2067132443189621,"y":0.7076361179351807,"z":-0.22478608787059785,"w":0.6378799676895142},"size":0.05386519432067871,"orthographic":true}