{"cameraMode":{"drawMode":0,"name":"Shaded","section":"Shading Mode"},"sceneLighting":false,"audioPlay":false,"sceneViewState":{"m_AlwaysRefresh":false,"showFog":true,"showSkybox":false,"showFlares":true,"showImageEffects":true,"showParticleSystems":true,"showVisualEffectGraphs":true,"m_FxEnabled":false},"in2DMode":false,"pivot":{"x":0.47720277309417727,"y":0.3218318819999695,"z":0.31224796175956728},"rotation":{"x":-0.20748917758464814,"y":0.5969117879867554,"z":-0.16383635997772218,"w":-0.7577698826789856},"size":0.8660253882408142,"orthographic":false}