{"cameraMode":{"drawMode":0,"name":"Shaded","section":"Shading Mode"},"sceneLighting":false,"audioPlay":false,"sceneViewState":{"m_AlwaysRefresh":false,"showFog":true,"showSkybox":false,"showFlares":true,"showImageEffects":true,"showParticleSystems":true,"showVisualEffectGraphs":true,"m_FxEnabled":false},"in2DMode":false,"pivot":{"x":1.0148283243179322,"y":1.8208626508712769,"z":-0.6482968330383301},"rotation":{"x":-0.014978052116930485,"y":-0.737702488899231,"z":0.016116954386234285,"w":-0.6750512719154358},"size":2.7114665508270265,"orthographic":false}