{"cameraMode":{"drawMode":0,"name":"Shaded","section":"Shading Mode"},"sceneLighting":false,"audioPlay":false,"sceneViewState":{"m_AlwaysRefresh":false,"showFog":true,"showSkybox":false,"showFlares":true,"showImageEffects":true,"showParticleSystems":true,"showVisualEffectGraphs":true,"m_FxEnabled":false},"in2DMode":false,"pivot":{"x":0.4030821621417999,"y":0.7737830877304077,"z":0.14118826389312745},"rotation":{"x":-0.005345135927200317,"y":-0.9925436973571777,"z":0.03964813053607941,"w":-0.11789460480213165},"size":2.0159196853637697,"orthographic":false}