{"cameraMode":{"drawMode":0,"name":"Shaded","section":"Shading Mode"},"sceneLighting":false,"audioPlay":false,"sceneViewState":{"m_AlwaysRefresh":false,"showFog":true,"showSkybox":false,"showFlares":true,"showImageEffects":true,"showParticleSystems":true,"showVisualEffectGraphs":true,"m_FxEnabled":false},"in2DMode":false,"pivot":{"x":0.8750015497207642,"y":2.226048231124878,"z":-0.18920041620731355},"rotation":{"x":-0.057521626353263858,"y":0.6243090033531189,"z":-0.046470124274492267,"w":-0.7779392600059509},"size":0.2521432340145111,"orthographic":false}