{"cameraMode":{"drawMode":0,"name":"Shaded","section":"Shading Mode"},"sceneLighting":false,"audioPlay":false,"sceneViewState":{"m_AlwaysRefresh":false,"showFog":true,"showSkybox":false,"showFlares":true,"showImageEffects":true,"showParticleSystems":true,"showVisualEffectGraphs":true,"m_FxEnabled":true},"in2DMode":false,"pivot":{"x":-0.7799999713897705,"y":1.7415428161621094,"z":0.03327524662017822},"rotation":{"x":-0.03555528074502945,"y":0.9644594192504883,"z":-0.19079969823360444,"w":-0.17968453466892243},"size":0.5055693984031677,"orthographic":false}