{"cameraMode":{"drawMode":0,"name":"Shaded","section":"Shading Mode"},"sceneLighting":false,"audioPlay":false,"sceneViewState":{"m_AlwaysRefresh":false,"showFog":true,"showSkybox":false,"showFlares":true,"showImageEffects":true,"showParticleSystems":true,"showVisualEffectGraphs":true,"m_FxEnabled":false},"in2DMode":false,"pivot":{"x":-0.3781415522098541,"y":-0.020506441593170167,"z":-8.344650268554688e-7},"rotation":{"x":-0.0004701133584603667,"y":0.9843196868896484,"z":-0.004998666699975729,"w":-0.17866536974906922},"size":0.9797070026397705,"orthographic":false}