{"cameraMode":{"drawMode":0,"name":"Shaded","section":"Shading Mode"},"sceneLighting":false,"audioPlay":false,"sceneViewState":{"m_AlwaysRefresh":false,"showFog":true,"showSkybox":false,"showFlares":true,"showImageEffects":true,"showParticleSystems":true,"showVisualEffectGraphs":true,"m_FxEnabled":false},"in2DMode":false,"pivot":{"x":0.057553231716156009,"y":0.9055173397064209,"z":0.06898927688598633},"rotation":{"x":-0.005345135927200317,"y":-0.9925436973571777,"z":0.03964813053607941,"w":-0.11789460480213165},"size":3.622415065765381,"orthographic":false}