{"cameraMode":{"drawMode":0,"name":"Shaded","section":"Shading Mode"},"sceneLighting":false,"audioPlay":false,"sceneViewState":{"m_AlwaysRefresh":false,"showFog":true,"showSkybox":false,"showFlares":true,"showImageEffects":true,"showParticleSystems":true,"showVisualEffectGraphs":true,"m_FxEnabled":false},"in2DMode":false,"pivot":{"x":0.009577877819538117,"y":-0.001991942524909973,"z":0.20131894946098329},"rotation":{"x":0.24854733049869538,"y":-0.3184167444705963,"z":0.08723443746566773,"w":0.9108526706695557},"size":0.32984599471092226,"orthographic":false}