{"cameraMode":{"drawMode":0,"name":"Shaded","section":"Shading Mode"},"sceneLighting":false,"audioPlay":false,"sceneViewState":{"m_AlwaysRefresh":false,"showFog":true,"showSkybox":false,"showFlares":true,"showImageEffects":true,"showParticleSystems":true,"showVisualEffectGraphs":true,"m_FxEnabled":false},"in2DMode":false,"pivot":{"x":1.8776122331619263,"y":1.3405977487564088,"z":-0.16481715440750123},"rotation":{"x":-0.029633132740855218,"y":-0.6022776961326599,"z":0.02215331606566906,"w":-0.7976765036582947},"size":3.5258736610412599,"orthographic":false}