{"cameraMode":{"drawMode":0,"name":"Shaded","section":"Shading Mode"},"sceneLighting":true,"audioPlay":false,"sceneViewState":{"m_AlwaysRefresh":false,"showFog":true,"showSkybox":true,"showFlares":true,"showImageEffects":true,"showParticleSystems":true,"showVisualEffectGraphs":true,"m_FxEnabled":true},"in2DMode":false,"pivot":{"x":-2.1917333602905275,"y":2.0392942428588869,"z":-3.9901540279388429},"rotation":{"x":-0.10472426563501358,"y":0.7001706957817078,"z":-0.10496002435684204,"w":-0.6984894275665283},"size":0.9907572269439697,"orthographic":false}