{"cameraMode":{"drawMode":0,"name":"Shaded","section":"Shading Mode"},"sceneLighting":false,"audioPlay":false,"sceneViewState":{"m_AlwaysRefresh":false,"showFog":true,"showSkybox":false,"showFlares":true,"showImageEffects":true,"showParticleSystems":true,"showVisualEffectGraphs":true,"m_FxEnabled":false},"in2DMode":false,"pivot":{"x":-0.20927928388118745,"y":0.12150053679943085,"z":-0.06252312660217285},"rotation":{"x":0.745124101638794,"y":0.013196258805692196,"z":-0.0147797716781497,"w":0.6666902303695679},"size":0.5421396493911743,"orthographic":false}