{"cameraMode":{"drawMode":0,"name":"Shaded","section":"Shading Mode"},"sceneLighting":false,"audioPlay":false,"sceneViewState":{"m_AlwaysRefresh":false,"showFog":true,"showSkybox":false,"showFlares":true,"showImageEffects":true,"showParticleSystems":true,"showVisualEffectGraphs":true,"m_FxEnabled":false},"in2DMode":false,"pivot":{"x":-0.06950995326042175,"y":0.23074370622634889,"z":-0.9048080444335938},"rotation":{"x":-0.011625630781054497,"y":-0.9862935543060303,"z":0.07946769893169403,"w":-0.14422789216041566},"size":1.1261253356933594,"orthographic":false}