{"cameraMode":{"drawMode":0,"name":"Shaded","section":"Shading Mode"},"sceneLighting":true,"audioPlay":false,"sceneViewState":{"m_AlwaysRefresh":false,"showFog":true,"showSkybox":false,"showFlares":true,"showImageEffects":true,"showParticleSystems":true,"showVisualEffectGraphs":true,"m_FxEnabled":false},"in2DMode":false,"pivot":{"x":0.044396672397851947,"y":0.7809092402458191,"z":0.02682194486260414},"rotation":{"x":0.00020153749210294336,"y":0.9985287189483643,"z":-0.05487136170268059,"w":0.002975107403472066},"size":1.3527884483337403,"orthographic":false}