{"cameraMode":{"drawMode":0,"name":"Shaded","section":"Shading Mode"},"sceneLighting":false,"audioPlay":false,"sceneViewState":{"m_AlwaysRefresh":false,"showFog":true,"showSkybox":false,"showFlares":true,"showImageEffects":true,"showParticleSystems":true,"showVisualEffectGraphs":true,"m_FxEnabled":false},"in2DMode":false,"pivot":{"x":0.004309654235839844,"y":-0.03344869613647461,"z":0.02885150909423828},"rotation":{"x":-0.010071502067148686,"y":0.983104944229126,"z":-0.05698307603597641,"w":-0.17370672523975373},"size":0.6242789030075073,"orthographic":false}