{"cameraMode":{"drawMode":0,"name":"Shaded","section":"Shading Mode"},"sceneLighting":false,"audioPlay":false,"sceneViewState":{"m_AlwaysRefresh":false,"showFog":true,"showSkybox":false,"showFlares":true,"showImageEffects":true,"showParticleSystems":true,"showVisualEffectGraphs":true,"m_FxEnabled":false},"in2DMode":false,"pivot":{"x":-0.8086494207382202,"y":0.26949000358581545,"z":0.0563461035490036},"rotation":{"x":0.015562173910439015,"y":-0.933007001876831,"z":-0.04115121066570282,"w":-0.35769230127334597},"size":0.4587019681930542,"orthographic":false}