{"cameraMode":{"drawMode":0,"name":"Shaded","section":"Shading Mode"},"sceneLighting":false,"audioPlay":false,"sceneViewState":{"m_AlwaysRefresh":false,"showFog":true,"showSkybox":false,"showFlares":true,"showImageEffects":true,"showParticleSystems":true,"showVisualEffectGraphs":true,"m_FxEnabled":false},"in2DMode":false,"pivot":{"x":-0.3675594925880432,"y":1.4327844381332398,"z":-1.624920129776001},"rotation":{"x":-0.0006146000814624131,"y":-0.9994847774505615,"z":-0.036496877670288089,"w":0.011893127113580704},"size":1.539968490600586,"orthographic":false}