{"cameraMode":{"drawMode":0,"name":"Shaded","section":"Shading Mode"},"sceneLighting":false,"audioPlay":false,"sceneViewState":{"m_AlwaysRefresh":false,"showFog":true,"showSkybox":false,"showFlares":true,"showImageEffects":true,"showParticleSystems":true,"showVisualEffectGraphs":true,"m_FxEnabled":false},"in2DMode":false,"pivot":{"x":-0.12526166439056397,"y":-0.09812193363904953,"z":-3.8129165172576906},"rotation":{"x":-0.0388629324734211,"y":0.9561212658882141,"z":-0.24977368116378785,"w":-0.14944905042648316},"size":2.9214468002319338,"orthographic":false}