{"cameraMode":{"drawMode":0,"name":"Shaded","section":"Shading Mode"},"sceneLighting":false,"audioPlay":false,"sceneViewState":{"m_AlwaysRefresh":false,"showFog":true,"showSkybox":false,"showFlares":true,"showImageEffects":true,"showParticleSystems":true,"showVisualEffectGraphs":true,"m_FxEnabled":false},"in2DMode":false,"pivot":{"x":0.8132294416427612,"y":0.8748913407325745,"z":-1.0240871906280518},"rotation":{"x":-0.002443952951580286,"y":-0.9847325086593628,"z":0.012770726345479489,"w":-0.17470011115074159},"size":1.8092819452285767,"orthographic":false}