{"cameraMode":{"drawMode":0,"name":"Shaded","section":"Shading Mode"},"sceneLighting":false,"audioPlay":false,"sceneViewState":{"m_AlwaysRefresh":false,"showFog":false,"showSkybox":false,"showFlares":false,"showImageEffects":false,"showParticleSystems":false,"showVisualEffectGraphs":true,"m_FxEnabled":false},"in2DMode":false,"pivot":{"x":-0.985527515411377,"y":1.1830270290374756,"z":-0.02601206675171852},"rotation":{"x":0.08810057491064072,"y":0.9100517630577087,"z":-0.25421690940856936,"w":0.31539127230644228},"size":0.10080208629369736,"orthographic":true}