{"cameraMode":{"drawMode":0,"name":"Shaded","section":"Shading Mode"},"sceneLighting":false,"audioPlay":false,"sceneViewState":{"m_AlwaysRefresh":false,"showFog":true,"showSkybox":false,"showFlares":true,"showImageEffects":true,"showParticleSystems":true,"showVisualEffectGraphs":true,"m_FxEnabled":false},"in2DMode":false,"pivot":{"x":-0.0619124174118042,"y":1.6055335998535157,"z":0.06579089164733887},"rotation":{"x":-0.0005879485397599638,"y":-0.9866126775741577,"z":-0.003553831484168768,"w":0.16306491196155549},"size":0.4944095313549042,"orthographic":true}