{"cameraMode":{"drawMode":0,"name":"Shaded","section":"Shading Mode"},"sceneLighting":false,"audioPlay":false,"sceneViewState":{"m_AlwaysRefresh":false,"showFog":true,"showSkybox":false,"showFlares":true,"showImageEffects":true,"showParticleSystems":true,"showVisualEffectGraphs":true,"m_FxEnabled":false},"in2DMode":false,"pivot":{"x":-1.3626710176467896,"y":0.014963413588702679,"z":0.3610103130340576},"rotation":{"x":-0.273766428232193,"y":0.26105016469955447,"z":-0.07766330987215042,"w":-0.9226390719413757},"size":2.4497361183166506,"orthographic":false}