{"cameraMode":{"drawMode":0,"name":"Shaded","section":"Shading Mode"},"sceneLighting":false,"audioPlay":false,"sceneViewState":{"m_AlwaysRefresh":false,"showFog":true,"showSkybox":false,"showFlares":true,"showImageEffects":true,"showParticleSystems":true,"showVisualEffectGraphs":true,"m_FxEnabled":false},"in2DMode":false,"pivot":{"x":-0.029880046844482423,"y":1.4268194437026978,"z":-0.033532023429870608},"rotation":{"x":-0.273766428232193,"y":0.26105016469955447,"z":-0.07766330987215042,"w":-0.9226390719413757},"size":2.5539255142211916,"orthographic":false}