{"cameraMode":{"drawMode":0,"name":"Shaded","section":"Shading Mode"},"sceneLighting":false,"audioPlay":false,"sceneViewState":{"m_AlwaysRefresh":false,"showFog":true,"showSkybox":false,"showFlares":true,"showImageEffects":true,"showParticleSystems":true,"showVisualEffectGraphs":true,"m_FxEnabled":false},"in2DMode":false,"pivot":{"x":-0.009105920791625977,"y":2.229609489440918,"z":0.04755866527557373},"rotation":{"x":-0.005345135927200317,"y":-0.9925436973571777,"z":0.03964813053607941,"w":-0.11789460480213165},"size":3.333235740661621,"orthographic":false}