{"cameraMode":{"drawMode":0,"name":"Shaded","section":"Shading Mode"},"sceneLighting":false,"audioPlay":false,"sceneViewState":{"m_AlwaysRefresh":false,"showFog":true,"showSkybox":false,"showFlares":true,"showImageEffects":true,"showParticleSystems":true,"showVisualEffectGraphs":true,"m_FxEnabled":false},"in2DMode":false,"pivot":{"x":0.008532702922821045,"y":0.9764028787612915,"z":-0.15322738885879517},"rotation":{"x":-0.033934175968170169,"y":0.964992880821228,"z":-0.15919655561447144,"w":-0.20567990839481355},"size":0.7735157012939453,"orthographic":true}