{"cameraMode":{"drawMode":0,"name":"Shaded","section":"Shading Mode"},"sceneLighting":false,"audioPlay":false,"sceneViewState":{"m_AlwaysRefresh":false,"showFog":true,"showSkybox":false,"showFlares":true,"showImageEffects":true,"showParticleSystems":true,"showVisualEffectGraphs":true,"m_FxEnabled":false},"in2DMode":false,"pivot":{"x":0.20272964239120484,"y":1.3248250484466553,"z":0.3129212260246277},"rotation":{"x":-0.005345135927200317,"y":-0.9925436973571777,"z":0.03964813053607941,"w":-0.11789460480213165},"size":3.28183650970459,"orthographic":false}