{"cameraMode":{"drawMode":0,"name":"Shaded","section":"Shading Mode"},"sceneLighting":false,"audioPlay":false,"sceneViewState":{"m_AlwaysRefresh":false,"showFog":true,"showSkybox":false,"showFlares":true,"showImageEffects":true,"showParticleSystems":true,"showVisualEffectGraphs":true,"m_FxEnabled":false},"in2DMode":false,"pivot":{"x":2.384185791015625e-7,"y":1.100141167640686,"z":-0.021000146865844728},"rotation":{"x":0.028003567829728128,"y":-0.9716997146606445,"z":0.17772196233272553,"w":0.15312153100967408},"size":0.40379926562309267,"orthographic":false}