{"cameraMode":{"drawMode":0,"name":"Shaded","section":"Shading Mode"},"sceneLighting":false,"audioPlay":false,"sceneViewState":{"m_AlwaysRefresh":false,"showFog":true,"showSkybox":false,"showFlares":true,"showImageEffects":true,"showParticleSystems":true,"showVisualEffectGraphs":true,"m_FxEnabled":false},"in2DMode":false,"pivot":{"x":0.0000017583370208740235,"y":-0.03348373621702194,"z":0.17055892944335938},"rotation":{"x":0.22481350600719453,"y":-0.25271156430244448,"z":0.060800615698099139,"w":0.9393162727355957},"size":0.7369478344917297,"orthographic":false}