{"cameraMode":{"drawMode":0,"name":"Shaded","section":"Shading Mode"},"sceneLighting":false,"audioPlay":false,"sceneViewState":{"m_AlwaysRefresh":false,"showFog":false,"showSkybox":false,"showFlares":false,"showImageEffects":false,"showParticleSystems":false,"showVisualEffectGraphs":true,"m_FxEnabled":false},"in2DMode":false,"pivot":{"x":-0.9560348391532898,"y":1.3215179443359376,"z":0.08286522328853607},"rotation":{"x":0.21162337064743043,"y":-0.7335273623466492,"z":0.2645789384841919,"w":0.5898654460906982},"size":0.09178455173969269,"orthographic":true}