{"cameraMode":{"drawMode":0,"name":"Shaded","section":"Shading Mode"},"sceneLighting":false,"audioPlay":false,"sceneViewState":{"m_AlwaysRefresh":false,"showFog":true,"showSkybox":false,"showFlares":true,"showImageEffects":true,"showParticleSystems":true,"showVisualEffectGraphs":true,"m_FxEnabled":false},"in2DMode":false,"pivot":{"x":0.38406065106391909,"y":-0.01873086392879486,"z":0.5722650289535523},"rotation":{"x":0.5061951279640198,"y":-0.11967545002698899,"z":0.07159994542598725,"w":0.8513076305389404},"size":0.5533148050308228,"orthographic":false}