{"cameraMode":{"drawMode":0,"name":"Shaded","section":"Shading Mode"},"sceneLighting":false,"audioPlay":false,"sceneViewState":{"m_AlwaysRefresh":false,"showFog":true,"showSkybox":false,"showFlares":true,"showImageEffects":true,"showParticleSystems":true,"showVisualEffectGraphs":true,"m_FxEnabled":false},"in2DMode":false,"pivot":{"x":-0.07133215665817261,"y":0.8569344282150269,"z":0.4405180513858795},"rotation":{"x":-0.03357170149683952,"y":-0.9188022017478943,"z":0.08014623075723648,"w":-0.3851217031478882},"size":1.8274236917495728,"orthographic":false}