{"cameraMode":{"drawMode":0,"name":"Shaded","section":"Shading Mode"},"sceneLighting":false,"audioPlay":false,"sceneViewState":{"m_AlwaysRefresh":false,"showFog":true,"showSkybox":false,"showFlares":true,"showImageEffects":true,"showParticleSystems":true,"showVisualEffectGraphs":true,"m_FxEnabled":false},"in2DMode":false,"pivot":{"x":1.0115209817886353,"y":0.899533212184906,"z":-0.31061431765556338},"rotation":{"x":-0.007956745103001595,"y":-0.9248607158660889,"z":0.018895406275987626,"w":-0.38025572896003725},"size":2.064934253692627,"orthographic":false}