{"cameraMode":{"drawMode":0,"name":"Shaded","section":"Shading Mode"},"sceneLighting":false,"audioPlay":false,"sceneViewState":{"m_AlwaysRefresh":false,"showFog":true,"showSkybox":false,"showFlares":true,"showImageEffects":true,"showParticleSystems":true,"showVisualEffectGraphs":true,"m_FxEnabled":false},"in2DMode":false,"pivot":{"x":-5.960464477539063e-8,"y":0.17324098944664002,"z":-0.005661606788635254},"rotation":{"x":-0.6962242722511292,"y":-0.043833740055561069,"z":0.04269006848335266,"w":-0.7152834534645081},"size":0.41681861877441409,"orthographic":false}