{"cameraMode":{"drawMode":0,"name":"Shaded","section":"Shading Mode"},"sceneLighting":false,"audioPlay":false,"sceneViewState":{"m_AlwaysRefresh":false,"showFog":true,"showSkybox":false,"showFlares":true,"showImageEffects":true,"showParticleSystems":true,"showVisualEffectGraphs":true,"m_FxEnabled":false},"in2DMode":false,"pivot":{"x":-0.08964145183563233,"y":3.272623300552368,"z":0.030312180519104005},"rotation":{"x":-0.014978052116930485,"y":-0.737702488899231,"z":0.016116954386234285,"w":-0.6750512719154358},"size":3.8308680057525636,"orthographic":false}