{"cameraMode":{"drawMode":0,"name":"Shaded","section":"Shading Mode"},"sceneLighting":false,"audioPlay":false,"sceneViewState":{"m_AlwaysRefresh":false,"showFog":true,"showSkybox":false,"showFlares":true,"showImageEffects":true,"showParticleSystems":true,"showVisualEffectGraphs":true,"m_FxEnabled":false},"in2DMode":false,"pivot":{"x":0.08549249172210694,"y":0.6500920653343201,"z":0.20419621467590333},"rotation":{"x":-0.013730856589972973,"y":-0.9824246168136597,"z":0.07470200955867768,"w":-0.17238929867744447},"size":3.1449642181396486,"orthographic":false}