{"cameraMode":{"drawMode":0,"name":"Shaded","section":"Shading Mode"},"sceneLighting":false,"audioPlay":false,"sceneViewState":{"m_AlwaysRefresh":false,"showFog":true,"showSkybox":false,"showFlares":true,"showImageEffects":true,"showParticleSystems":true,"showVisualEffectGraphs":true,"m_FxEnabled":false},"in2DMode":false,"pivot":{"x":-2.756687879562378,"y":3.0559003353118898,"z":4.833849906921387},"rotation":{"x":0.008259525522589684,"y":0.2607850730419159,"z":0.0020278573501855137,"w":-0.9655708074569702},"size":5.2115278244018559,"orthographic":false}