{"cameraMode":{"drawMode":0,"name":"Shaded","section":"Shading Mode"},"sceneLighting":false,"audioPlay":false,"sceneViewState":{"m_AlwaysRefresh":false,"showFog":true,"showSkybox":false,"showFlares":true,"showImageEffects":true,"showParticleSystems":true,"showVisualEffectGraphs":true,"m_FxEnabled":false},"in2DMode":false,"pivot":{"x":0.04391935467720032,"y":0.28420042991638186,"z":-0.03848147392272949},"rotation":{"x":0.015562173910439015,"y":-0.933007001876831,"z":-0.04115121066570282,"w":-0.35769230127334597},"size":0.7783563137054443,"orthographic":false}