{"cameraMode":{"drawMode":0,"name":"Shaded","section":"Shading Mode"},"sceneLighting":false,"audioPlay":false,"sceneViewState":{"m_AlwaysRefresh":false,"showFog":true,"showSkybox":false,"showFlares":true,"showImageEffects":true,"showParticleSystems":true,"showVisualEffectGraphs":true,"m_FxEnabled":false},"in2DMode":false,"pivot":{"x":-0.46568095684051516,"y":-0.020506620407104493,"z":0.1316605806350708},"rotation":{"x":-0.068675696849823,"y":0.8627224564552307,"z":-0.12193088978528977,"w":-0.48599672317504885},"size":0.9797070026397705,"orthographic":false}