{"cameraMode":{"drawMode":0,"name":"Shaded","section":"Shading Mode"},"sceneLighting":false,"audioPlay":false,"sceneViewState":{"m_AlwaysRefresh":false,"showFog":true,"showSkybox":false,"showFlares":true,"showImageEffects":true,"showParticleSystems":true,"showVisualEffectGraphs":true,"m_FxEnabled":false},"in2DMode":false,"pivot":{"x":1.3844091892242432,"y":3.5392701625823976,"z":-1.8175517320632935},"rotation":{"x":0.01456181425601244,"y":-0.9271537065505981,"z":-0.036716412752866748,"w":-0.37310707569122317},"size":4.603889465332031,"orthographic":false}