{"cameraMode":{"drawMode":0,"name":"Shaded","section":"Shading Mode"},"sceneLighting":false,"audioPlay":false,"sceneViewState":{"m_AlwaysRefresh":false,"showFog":true,"showSkybox":false,"showFlares":true,"showImageEffects":true,"showParticleSystems":true,"showVisualEffectGraphs":true,"m_FxEnabled":false},"in2DMode":false,"pivot":{"x":0.5907593965530396,"y":0.15328629314899445,"z":0.6376212239265442},"rotation":{"x":0.015562173910439015,"y":-0.933007001876831,"z":-0.04115121066570282,"w":-0.35769230127334597},"size":0.4566846489906311,"orthographic":false}