{"cameraMode":{"drawMode":0,"name":"Shaded","section":"Shading Mode"},"sceneLighting":false,"audioPlay":false,"sceneViewState":{"m_AlwaysRefresh":false,"showFog":true,"showSkybox":false,"showFlares":true,"showImageEffects":true,"showParticleSystems":true,"showVisualEffectGraphs":true,"m_FxEnabled":false},"in2DMode":false,"pivot":{"x":0.042171236127614978,"y":0.10069762915372849,"z":0.6520283818244934},"rotation":{"x":0.30258458852767947,"y":-0.2165335863828659,"z":0.07111848890781403,"w":0.9256948232650757},"size":0.4632881283760071,"orthographic":false}