{"cameraMode":{"drawMode":0,"name":"Shaded","section":"Shading Mode"},"sceneLighting":false,"audioPlay":false,"sceneViewState":{"m_AlwaysRefresh":false,"showFog":true,"showSkybox":false,"showFlares":true,"showImageEffects":true,"showParticleSystems":true,"showVisualEffectGraphs":true,"m_FxEnabled":false},"in2DMode":false,"pivot":{"x":-1.4901161193847657e-8,"y":7.450580596923828e-9,"z":0.23049268126487733},"rotation":{"x":0.13829226791858674,"y":0.5276468396186829,"z":-0.08752811700105667,"w":0.8335939049720764},"size":0.489470511674881,"orthographic":false}