{"cameraMode":{"drawMode":0,"name":"Shaded","section":"Shading Mode"},"sceneLighting":false,"audioPlay":false,"sceneViewState":{"m_AlwaysRefresh":false,"showFog":true,"showSkybox":false,"showFlares":true,"showImageEffects":true,"showParticleSystems":true,"showVisualEffectGraphs":true,"m_FxEnabled":false},"in2DMode":false,"pivot":{"x":0.42001184821128847,"y":0.6188562512397766,"z":0.8554521203041077},"rotation":{"x":0.34336578845977785,"y":-0.46253809332847597,"z":0.20081086456775666,"w":0.7926273345947266},"size":0.7070537805557251,"orthographic":false}