{"cameraMode":{"drawMode":0,"name":"Shaded","section":"Shading Mode"},"sceneLighting":false,"audioPlay":false,"sceneViewState":{"m_AlwaysRefresh":false,"showFog":true,"showSkybox":false,"showFlares":true,"showImageEffects":true,"showParticleSystems":true,"showVisualEffectGraphs":true,"m_FxEnabled":false},"in2DMode":false,"pivot":{"x":0.024172306060791017,"y":3.0108416080474855,"z":-0.01909184455871582},"rotation":{"x":-0.029633132740855218,"y":-0.6022776961326599,"z":0.02215331606566906,"w":-0.7976765036582947},"size":3.6032917499542238,"orthographic":false}